name,role,company,industry,location,linkedin_bio
Ava Patel,Head of Growth,FlowMetrics,SaaS,San Francisco,VP Growth at FlowMetrics. 10+ years scaling B2B SaaS companies. Former Series C startup experience.
John Smith,CEO,TechCorp,Technology,New York,Chief Executive Officer leading digital transformation in mid-market companies. Focus on AI and automation.
Sarah Johnson,Marketing Manager,RetailPlus,Retail,Chicago,Marketing professional with 5 years experience in e-commerce and digital marketing strategies.
Mike Wilson,CTO,CloudSync,Software,Austin,Technical leader building cloud infrastructure for enterprise clients. Expert in APIs and microservices.
Emily Davis,VP Sales,DataFlow,Analytics,Boston,VP of Sales driving revenue growth for data analytics platform. B2B sales leader with proven track record.
Tom Brown,Founder,StartupX,Fintech,Miami,Entrepreneur building next-gen financial technology solutions. Former Goldman Sachs analyst.
Lisa Chen,Director of Ops,ScaleUp,B2B SaaS,Seattle,Operations Director optimizing processes for fast-growing SaaS company. 8+ years operational excellence.
David Lee,Senior Developer,CodeBase,Software Development,Portland,Senior software engineer specializing in full-stack development and team leadership.
Anna White,Product Manager,InnovateNow,Technology,Denver,Product Manager driving innovation in enterprise software solutions. User-centric design approach.
Mark Taylor,CFO,GrowthCorp,Professional Services,Atlanta,Chief Financial Officer with expertise in scaling operations and financial planning for growth companies.